,date,unemployment
0,1967-01-07,208000.0
1,1967-01-14,207000.0
2,1967-01-21,217000.0
3,1967-01-28,204000.0
4,1967-02-04,216000.0
5,1967-02-11,229000.0
6,1967-02-18,229000.0
7,1967-02-25,242000.0
8,1967-03-04,310000.0
9,1967-03-11,241000.0
10,1967-03-18,245000.0
11,1967-03-25,247000.0
12,1967-04-01,259000.0
13,1967-04-08,257000.0
14,1967-04-15,299000.0
15,1967-04-22,245000.0
16,1967-04-29,255000.0
17,1967-05-06,254000.0
18,1967-05-13,231000.0
19,1967-05-20,230000.0
20,1967-05-27,228000.0
21,1967-06-03,248000.0
22,1967-06-10,238000.0
23,1967-06-17,224000.0
24,1967-06-24,218000.0
25,1967-07-01,209000.0
26,1967-07-08,240000.0
27,1967-07-15,241000.0
28,1967-07-22,240000.0
29,1967-07-29,209000.0
30,1967-08-05,221000.0
31,1967-08-12,202000.0
32,1967-08-19,215000.0
33,1967-08-26,213000.0
34,1967-09-02,218000.0
35,1967-09-09,231000.0
36,1967-09-16,220000.0
37,1967-09-23,209000.0
38,1967-09-30,204000.0
39,1967-10-07,231000.0
40,1967-10-14,206000.0
41,1967-10-21,223000.0
42,1967-10-28,207000.0
43,1967-11-04,222000.0
44,1967-11-11,214000.0
45,1967-11-18,198000.0
46,1967-11-25,191000.0
47,1967-12-02,196000.0
48,1967-12-09,221000.0
49,1967-12-16,204000.0
50,1967-12-23,219000.0
51,1967-12-30,216000.0
52,1968-01-06,222000.0
53,1968-01-13,222000.0
54,1968-01-20,221000.0
55,1968-01-27,198000.0
56,1968-02-03,244000.0
57,1968-02-10,210000.0
58,1968-02-17,196000.0
59,1968-02-24,193000.0
60,1968-03-02,190000.0
61,1968-03-09,204000.0
62,1968-03-16,190000.0
63,1968-03-23,200000.0
64,1968-03-30,192000.0
65,1968-04-06,191000.0
66,1968-04-13,171000.0
67,1968-04-20,183000.0
68,1968-04-27,251000.0
69,1968-05-04,209000.0
70,1968-05-11,194000.0
71,1968-05-18,199000.0
72,1968-05-25,194000.0
73,1968-06-01,199000.0
74,1968-06-08,192000.0
75,1968-06-15,194000.0
76,1968-06-22,189000.0
77,1968-06-29,194000.0
78,1968-07-06,214000.0
79,1968-07-13,186000.0
80,1968-07-20,180000.0
81,1968-07-27,205000.0
82,1968-08-03,206000.0
83,1968-08-10,218000.0
84,1968-08-17,192000.0
85,1968-08-24,193000.0
86,1968-08-31,188000.0
87,1968-09-07,189000.0
88,1968-09-14,195000.0
89,1968-09-21,191000.0
90,1968-09-28,189000.0
91,1968-10-05,185000.0
92,1968-10-12,186000.0
93,1968-10-19,191000.0
94,1968-10-26,182000.0
95,1968-11-02,181000.0
96,1968-11-09,183000.0
97,1968-11-16,192000.0
98,1968-11-23,199000.0
99,1968-11-30,162000.0
100,1968-12-07,188000.0
101,1968-12-14,195000.0
102,1968-12-21,192000.0
103,1968-12-28,223000.0
104,1969-01-04,190000.0
105,1969-01-11,191000.0
106,1969-01-18,192000.0
107,1969-01-25,193000.0
108,1969-02-01,203000.0
109,1969-02-08,197000.0
110,1969-02-15,192000.0
111,1969-02-22,192000.0
112,1969-03-01,201000.0
113,1969-03-08,191000.0
114,1969-03-15,189000.0
115,1969-03-22,181000.0
116,1969-03-29,183000.0
117,1969-04-05,182000.0
118,1969-04-12,190000.0
119,1969-04-19,187000.0
120,1969-04-26,177000.0
121,1969-05-03,177000.0
122,1969-05-10,183000.0
123,1969-05-17,179000.0
124,1969-05-24,180000.0
125,1969-05-31,187000.0
126,1969-06-07,192000.0
127,1969-06-14,182000.0
128,1969-06-21,191000.0
129,1969-06-28,203000.0
130,1969-07-05,227000.0
131,1969-07-12,210000.0
132,1969-07-19,206000.0
133,1969-07-26,192000.0
134,1969-08-02,196000.0
135,1969-08-09,203000.0
136,1969-08-16,199000.0
137,1969-08-23,199000.0
138,1969-08-30,195000.0
139,1969-09-06,182000.0
140,1969-09-13,209000.0
141,1969-09-20,195000.0
142,1969-09-27,193000.0
143,1969-10-04,193000.0
144,1969-10-11,200000.0
145,1969-10-18,199000.0
146,1969-10-25,205000.0
147,1969-11-01,198000.0
148,1969-11-08,211000.0
149,1969-11-15,197000.0
150,1969-11-22,217000.0
151,1969-11-29,202000.0
152,1969-12-06,202000.0
153,1969-12-13,222000.0
154,1969-12-20,232000.0
155,1969-12-27,223000.0
156,1970-01-03,230000.0
157,1970-01-10,242000.0
158,1970-01-17,268000.0
159,1970-01-24,256000.0
160,1970-01-31,239000.0
161,1970-02-07,256000.0
162,1970-02-14,265000.0
163,1970-02-21,271000.0
164,1970-02-28,242000.0
165,1970-03-07,262000.0
166,1970-03-14,271000.0
167,1970-03-21,264000.0
168,1970-03-28,276000.0
169,1970-04-04,273000.0
170,1970-04-11,305000.0
171,1970-04-18,374000.0
172,1970-04-25,349000.0
173,1970-05-02,334000.0
174,1970-05-09,318000.0
175,1970-05-16,303000.0
176,1970-05-23,296000.0
177,1970-05-30,301000.0
178,1970-06-06,301000.0
179,1970-06-13,298000.0
180,1970-06-20,296000.0
181,1970-06-27,291000.0
182,1970-07-04,277000.0
183,1970-07-11,288000.0
184,1970-07-18,294000.0
185,1970-07-25,287000.0
186,1970-08-01,261000.0
187,1970-08-08,266000.0
188,1970-08-15,300000.0
189,1970-08-22,303000.0
190,1970-08-29,297000.0
191,1970-09-05,324000.0
192,1970-09-12,292000.0
193,1970-09-19,325000.0
194,1970-09-26,333000.0
195,1970-10-03,350000.0
196,1970-10-10,327000.0
197,1970-10-17,334000.0
198,1970-10-24,330000.0
199,1970-10-31,327000.0
200,1970-11-07,336000.0
201,1970-11-14,314000.0
202,1970-11-21,314000.0
203,1970-11-28,337000.0
204,1970-12-05,308000.0
205,1970-12-12,306000.0
206,1970-12-19,289000.0
207,1970-12-26,321000.0
208,1971-01-02,303000.0
209,1971-01-09,288000.0
210,1971-01-16,299000.0
211,1971-01-23,312000.0
212,1971-01-30,292000.0
213,1971-02-06,296000.0
214,1971-02-13,282000.0
215,1971-02-20,268000.0
216,1971-02-27,290000.0
217,1971-03-06,297000.0
218,1971-03-13,287000.0
219,1971-03-20,291000.0
220,1971-03-27,300000.0
221,1971-04-03,299000.0
222,1971-04-10,279000.0
223,1971-04-17,284000.0
224,1971-04-24,288000.0
225,1971-05-01,290000.0
226,1971-05-08,293000.0
227,1971-05-15,284000.0
228,1971-05-22,295000.0
229,1971-05-29,299000.0
230,1971-06-05,301000.0
231,1971-06-12,295000.0
232,1971-06-19,299000.0
233,1971-06-26,291000.0
234,1971-07-03,277000.0
235,1971-07-10,264000.0
236,1971-07-17,313000.0
237,1971-07-24,304000.0
238,1971-07-31,308000.0
239,1971-08-07,349000.0
240,1971-08-14,325000.0
241,1971-08-21,320000.0
242,1971-08-28,307000.0
243,1971-09-04,359000.0
244,1971-09-11,312000.0
245,1971-09-18,302000.0
246,1971-09-25,308000.0
247,1971-10-02,299000.0
248,1971-10-09,313000.0
249,1971-10-16,299000.0
250,1971-10-23,294000.0
251,1971-10-30,283000.0
252,1971-11-06,301000.0
253,1971-11-13,295000.0
254,1971-11-20,274000.0
255,1971-11-27,278000.0
256,1971-12-04,299000.0
257,1971-12-11,280000.0
258,1971-12-18,269000.0
259,1971-12-25,244000.0
260,1972-01-01,279000.0
261,1972-01-08,295000.0
262,1972-01-15,250000.0
263,1972-01-22,263000.0
264,1972-01-29,269000.0
265,1972-02-05,276000.0
266,1972-02-12,266000.0
267,1972-02-19,258000.0
268,1972-02-26,254000.0
269,1972-03-04,257000.0
270,1972-03-11,264000.0
271,1972-03-18,266000.0
272,1972-03-25,264000.0
273,1972-04-01,258000.0
274,1972-04-08,274000.0
275,1972-04-15,259000.0
276,1972-04-22,259000.0
277,1972-04-29,265000.0
278,1972-05-06,271000.0
279,1972-05-13,266000.0
280,1972-05-20,267000.0
281,1972-05-27,267000.0
282,1972-06-03,264000.0
283,1972-06-10,268000.0
284,1972-06-17,275000.0
285,1972-06-24,286000.0
286,1972-07-01,350000.0
287,1972-07-08,297000.0
288,1972-07-15,318000.0
289,1972-07-22,276000.0
290,1972-07-29,247000.0
291,1972-08-05,250000.0
292,1972-08-12,246000.0
293,1972-08-19,256000.0
294,1972-08-26,262000.0
295,1972-09-02,258000.0
296,1972-09-09,259000.0
297,1972-09-16,258000.0
298,1972-09-23,255000.0
299,1972-09-30,251000.0
300,1972-10-07,263000.0
301,1972-10-14,250000.0
302,1972-10-21,257000.0
303,1972-10-28,234000.0
304,1972-11-04,255000.0
305,1972-11-11,242000.0
306,1972-11-18,271000.0
307,1972-11-25,235000.0
308,1972-12-02,226000.0
309,1972-12-09,252000.0
310,1972-12-16,263000.0
311,1972-12-23,246000.0
312,1972-12-30,225000.0
313,1973-01-06,226000.0
314,1973-01-13,245000.0
315,1973-01-20,229000.0
316,1973-01-27,214000.0
317,1973-02-03,228000.0
318,1973-02-10,226000.0
319,1973-02-17,216000.0
320,1973-02-24,218000.0
321,1973-03-03,225000.0
322,1973-03-10,229000.0
323,1973-03-17,228000.0
324,1973-03-24,232000.0
325,1973-03-31,222000.0
326,1973-04-07,247000.0
327,1973-04-14,230000.0
328,1973-04-21,243000.0
329,1973-04-28,236000.0
330,1973-05-05,248000.0
331,1973-05-12,238000.0
332,1973-05-19,237000.0
333,1973-05-26,238000.0
334,1973-06-02,232000.0
335,1973-06-09,246000.0
336,1973-06-16,237000.0
337,1973-06-23,242000.0
338,1973-06-30,237000.0
339,1973-07-07,248000.0
340,1973-07-14,232000.0
341,1973-07-21,241000.0
342,1973-07-28,250000.0
343,1973-08-04,256000.0
344,1973-08-11,265000.0
345,1973-08-18,258000.0
346,1973-08-25,254000.0
347,1973-09-01,242000.0
348,1973-09-08,252000.0
349,1973-09-15,245000.0
350,1973-09-22,246000.0
351,1973-09-29,249000.0
352,1973-10-06,236000.0
353,1973-10-13,246000.0
354,1973-10-20,249000.0
355,1973-10-27,235000.0
356,1973-11-03,246000.0
357,1973-11-10,282000.0
358,1973-11-17,254000.0
359,1973-11-24,233000.0
360,1973-12-01,256000.0
361,1973-12-08,266000.0
362,1973-12-15,272000.0
363,1973-12-22,326000.0
364,1973-12-29,300000.0
365,1974-01-05,269000.0
366,1974-01-12,340000.0
367,1974-01-19,321000.0
368,1974-01-26,291000.0
369,1974-02-02,302000.0
370,1974-02-09,369000.0
371,1974-02-16,311000.0
372,1974-02-23,292000.0
373,1974-03-02,301000.0
374,1974-03-09,305000.0
375,1974-03-16,315000.0
376,1974-03-23,314000.0
377,1974-03-30,323000.0
378,1974-04-06,296000.0
379,1974-04-13,297000.0
380,1974-04-20,296000.0
381,1974-04-27,283000.0
382,1974-05-04,287000.0
383,1974-05-11,296000.0
384,1974-05-18,298000.0
385,1974-05-25,309000.0
386,1974-06-01,278000.0
387,1974-06-08,314000.0
388,1974-06-15,303000.0
389,1974-06-22,308000.0
390,1974-06-29,325000.0
391,1974-07-06,311000.0
392,1974-07-13,304000.0
393,1974-07-20,303000.0
394,1974-07-27,320000.0
395,1974-08-03,335000.0
396,1974-08-10,347000.0
397,1974-08-17,332000.0
398,1974-08-24,343000.0
399,1974-08-31,350000.0
400,1974-09-07,350000.0
401,1974-09-14,357000.0
402,1974-09-21,370000.0
403,1974-09-28,366000.0
404,1974-10-05,371000.0
405,1974-10-12,413000.0
406,1974-10-19,389000.0
407,1974-10-26,414000.0
408,1974-11-02,406000.0
409,1974-11-09,441000.0
410,1974-11-16,449000.0
411,1974-11-23,518000.0
412,1974-11-30,474000.0
413,1974-12-07,528000.0
414,1974-12-14,510000.0
415,1974-12-21,521000.0
416,1974-12-28,537000.0
417,1975-01-04,456000.0
418,1975-01-11,554000.0
419,1975-01-18,575000.0
420,1975-01-25,555000.0
421,1975-02-01,559000.0
422,1975-02-08,545000.0
423,1975-02-15,530000.0
424,1975-02-22,544000.0
425,1975-03-01,546000.0
426,1975-03-08,551000.0
427,1975-03-15,531000.0
428,1975-03-22,550000.0
429,1975-03-29,555000.0
430,1975-04-05,537000.0
431,1975-04-12,520000.0
432,1975-04-19,531000.0
433,1975-04-26,513000.0
434,1975-05-03,505000.0
435,1975-05-10,507000.0
436,1975-05-17,514000.0
437,1975-05-24,493000.0
438,1975-05-31,475000.0
439,1975-06-07,529000.0
440,1975-06-14,497000.0
441,1975-06-21,497000.0
442,1975-06-28,459000.0
443,1975-07-05,423000.0
444,1975-07-12,446000.0
445,1975-07-19,445000.0
446,1975-07-26,454000.0
447,1975-08-02,454000.0
448,1975-08-09,459000.0
449,1975-08-16,444000.0
450,1975-08-23,457000.0
451,1975-08-30,446000.0
452,1975-09-06,447000.0
453,1975-09-13,456000.0
454,1975-09-20,433000.0
455,1975-09-27,445000.0
456,1975-10-04,426000.0
457,1975-10-11,429000.0
458,1975-10-18,404000.0
459,1975-10-25,426000.0
460,1975-11-01,414000.0
461,1975-11-08,415000.0
462,1975-11-15,386000.0
463,1975-11-22,401000.0
464,1975-11-29,387000.0
465,1975-12-06,373000.0
466,1975-12-13,368000.0
467,1975-12-20,365000.0
468,1975-12-27,391000.0
469,1976-01-03,362000.0
470,1976-01-10,402000.0
471,1976-01-17,370000.0
472,1976-01-24,363000.0
473,1976-01-31,359000.0
474,1976-02-07,353000.0
475,1976-02-14,344000.0
476,1976-02-21,347000.0
477,1976-02-28,349000.0
478,1976-03-06,348000.0
479,1976-03-13,360000.0
480,1976-03-20,368000.0
481,1976-03-27,366000.0
482,1976-04-03,380000.0
483,1976-04-10,373000.0
484,1976-04-17,361000.0
485,1976-04-24,367000.0
486,1976-05-01,385000.0
487,1976-05-08,395000.0
488,1976-05-15,382000.0
489,1976-05-22,394000.0
490,1976-05-29,402000.0
491,1976-06-05,382000.0
492,1976-06-12,407000.0
493,1976-06-19,399000.0
494,1976-06-26,387000.0
495,1976-07-03,394000.0
496,1976-07-10,372000.0
497,1976-07-17,406000.0
498,1976-07-24,394000.0
499,1976-07-31,388000.0
500,1976-08-07,378000.0
501,1976-08-14,382000.0
502,1976-08-21,400000.0
503,1976-08-28,394000.0
504,1976-09-04,421000.0
505,1976-09-11,383000.0
506,1976-09-18,403000.0
507,1976-09-25,423000.0
508,1976-10-02,408000.0
509,1976-10-09,411000.0
510,1976-10-16,403000.0
511,1976-10-23,409000.0
512,1976-10-30,414000.0
513,1976-11-06,390000.0
514,1976-11-13,383000.0
515,1976-11-20,408000.0
516,1976-11-27,377000.0
517,1976-12-04,402000.0
518,1976-12-11,395000.0
519,1976-12-18,365000.0
520,1976-12-25,333000.0
521,1977-01-01,380000.0
522,1977-01-08,416000.0
523,1977-01-15,368000.0
524,1977-01-22,423000.0
525,1977-01-29,422000.0
526,1977-02-05,565000.0
527,1977-02-12,477000.0
528,1977-02-19,399000.0
529,1977-02-26,362000.0
530,1977-03-05,361000.0
531,1977-03-12,355000.0
532,1977-03-19,369000.0
533,1977-03-26,356000.0
534,1977-04-02,350000.0
535,1977-04-09,376000.0
536,1977-04-16,361000.0
537,1977-04-23,375000.0
538,1977-04-30,375000.0
539,1977-05-07,384000.0
540,1977-05-14,381000.0
541,1977-05-21,375000.0
542,1977-05-28,381000.0
543,1977-06-04,363000.0
544,1977-06-11,358000.0
545,1977-06-18,359000.0
546,1977-06-25,365000.0
547,1977-07-02,350000.0
548,1977-07-09,361000.0
549,1977-07-16,366000.0
550,1977-07-23,365000.0
551,1977-07-30,365000.0
552,1977-08-06,378000.0
553,1977-08-13,359000.0
554,1977-08-20,367000.0
555,1977-08-27,365000.0
556,1977-09-03,374000.0
557,1977-09-10,359000.0
558,1977-09-17,362000.0
559,1977-09-24,380000.0
560,1977-10-01,348000.0
561,1977-10-08,365000.0
562,1977-10-15,358000.0
563,1977-10-22,375000.0
564,1977-10-29,349000.0
565,1977-11-05,366000.0
566,1977-11-12,334000.0
567,1977-11-19,360000.0
568,1977-11-26,354000.0
569,1977-12-03,367000.0
570,1977-12-10,364000.0
571,1977-12-17,359000.0
572,1977-12-24,344000.0
573,1977-12-31,364000.0
574,1978-01-07,346000.0
575,1978-01-14,343000.0
576,1978-01-21,352000.0
577,1978-01-28,363000.0
578,1978-02-04,360000.0
579,1978-02-11,373000.0
580,1978-02-18,429000.0
581,1978-02-25,371000.0
582,1978-03-04,355000.0
583,1978-03-11,359000.0
584,1978-03-18,347000.0
585,1978-03-25,335000.0
586,1978-04-01,333000.0
587,1978-04-08,345000.0
588,1978-04-15,309000.0
589,1978-04-22,319000.0
590,1978-04-29,324000.0
591,1978-05-06,334000.0
592,1978-05-13,322000.0
593,1978-05-20,334000.0
594,1978-05-27,318000.0
595,1978-06-03,310000.0
596,1978-06-10,331000.0
597,1978-06-17,326000.0
598,1978-06-24,330000.0
599,1978-07-01,348000.0
600,1978-07-08,356000.0
601,1978-07-15,352000.0
602,1978-07-22,349000.0
603,1978-07-29,346000.0
604,1978-08-05,365000.0
605,1978-08-12,354000.0
606,1978-08-19,343000.0
607,1978-08-26,333000.0
608,1978-09-02,313000.0
609,1978-09-09,337000.0
610,1978-09-16,322000.0
611,1978-09-23,323000.0
612,1978-09-30,318000.0
613,1978-10-07,343000.0
614,1978-10-14,316000.0
615,1978-10-21,338000.0
616,1978-10-28,316000.0
617,1978-11-04,317000.0
618,1978-11-11,304000.0
619,1978-11-18,342000.0
620,1978-11-25,359000.0
621,1978-12-02,377000.0
622,1978-12-09,344000.0
623,1978-12-16,347000.0
624,1978-12-23,352000.0
625,1978-12-30,358000.0
626,1979-01-06,359000.0
627,1979-01-13,392000.0
628,1979-01-20,337000.0
629,1979-01-27,342000.0
630,1979-02-03,348000.0
631,1979-02-10,359000.0
632,1979-02-17,367000.0
633,1979-02-24,360000.0
634,1979-03-03,355000.0
635,1979-03-10,363000.0
636,1979-03-17,359000.0
637,1979-03-24,353000.0
638,1979-03-31,360000.0
639,1979-04-07,465000.0
640,1979-04-14,457000.0
641,1979-04-21,383000.0
642,1979-04-28,357000.0
643,1979-05-05,353000.0
644,1979-05-12,344000.0
645,1979-05-19,346000.0
646,1979-05-26,349000.0
647,1979-06-02,336000.0
648,1979-06-09,365000.0
649,1979-06-16,351000.0
650,1979-06-23,379000.0
651,1979-06-30,369000.0
652,1979-07-07,368000.0
653,1979-07-14,368000.0
654,1979-07-21,395000.0
655,1979-07-28,386000.0
656,1979-08-04,412000.0
657,1979-08-11,386000.0
658,1979-08-18,387000.0
659,1979-08-25,390000.0
660,1979-09-01,389000.0
661,1979-09-08,378000.0
662,1979-09-15,384000.0
663,1979-09-22,388000.0
664,1979-09-29,390000.0
665,1979-10-06,412000.0
666,1979-10-13,393000.0
667,1979-10-20,406000.0
668,1979-10-27,398000.0
669,1979-11-03,395000.0
670,1979-11-10,414000.0
671,1979-11-17,430000.0
672,1979-11-24,414000.0
673,1979-12-01,416000.0
674,1979-12-08,415000.0
675,1979-12-15,411000.0
676,1979-12-22,471000.0
677,1979-12-29,428000.0
678,1980-01-05,394000.0
679,1980-01-12,405000.0
680,1980-01-19,446000.0
681,1980-01-26,412000.0
682,1980-02-02,404000.0
683,1980-02-09,425000.0
684,1980-02-16,415000.0
685,1980-02-23,428000.0
686,1980-03-01,409000.0
687,1980-03-08,418000.0
688,1980-03-15,432000.0
689,1980-03-22,435000.0
690,1980-03-29,475000.0
691,1980-04-05,464000.0
692,1980-04-12,544000.0
693,1980-04-19,548000.0
694,1980-04-26,563000.0
695,1980-05-03,572000.0
696,1980-05-10,601000.0
697,1980-05-17,642000.0
698,1980-05-24,627000.0
699,1980-05-31,637000.0
700,1980-06-07,610000.0
701,1980-06-14,592000.0
702,1980-06-21,599000.0
703,1980-06-28,627000.0
704,1980-07-05,579000.0
705,1980-07-12,533000.0
706,1980-07-19,567000.0
707,1980-07-26,558000.0
708,1980-08-02,569000.0
709,1980-08-09,533000.0
710,1980-08-16,525000.0
711,1980-08-23,512000.0
712,1980-08-30,502000.0
713,1980-09-06,511000.0
714,1980-09-13,492000.0
715,1980-09-20,465000.0
716,1980-09-27,463000.0
717,1980-10-04,462000.0
718,1980-10-11,447000.0
719,1980-10-18,425000.0
720,1980-10-25,418000.0
721,1980-11-01,419000.0
722,1980-11-08,407000.0
723,1980-11-15,427000.0
724,1980-11-22,398000.0
725,1980-11-29,412000.0
726,1980-12-06,416000.0
727,1980-12-13,413000.0
728,1980-12-20,412000.0
729,1980-12-27,399000.0
730,1981-01-03,410000.0
731,1981-01-10,419000.0
732,1981-01-17,421000.0
733,1981-01-24,396000.0
734,1981-01-31,419000.0
735,1981-02-07,420000.0
736,1981-02-14,423000.0
737,1981-02-21,438000.0
738,1981-02-28,434000.0
739,1981-03-07,409000.0
740,1981-03-14,408000.0
741,1981-03-21,401000.0
742,1981-03-28,412000.0
743,1981-04-04,417000.0
744,1981-04-11,396000.0
745,1981-04-18,392000.0
746,1981-04-25,436000.0
747,1981-05-02,413000.0
748,1981-05-09,423000.0
749,1981-05-16,414000.0
750,1981-05-23,415000.0
751,1981-05-30,417000.0
752,1981-06-06,428000.0
753,1981-06-13,425000.0
754,1981-06-20,435000.0
755,1981-06-27,444000.0
756,1981-07-04,460000.0
757,1981-07-11,426000.0
758,1981-07-18,430000.0
759,1981-07-25,407000.0
760,1981-08-01,476000.0
761,1981-08-08,448000.0
762,1981-08-15,442000.0
763,1981-08-22,434000.0
764,1981-08-29,451000.0
765,1981-09-05,473000.0
766,1981-09-12,454000.0
767,1981-09-19,475000.0
768,1981-09-26,491000.0
769,1981-10-03,489000.0
770,1981-10-10,491000.0
771,1981-10-17,487000.0
772,1981-10-24,483000.0
773,1981-10-31,514000.0
774,1981-11-07,514000.0
775,1981-11-14,517000.0
776,1981-11-21,464000.0
777,1981-11-28,552000.0
778,1981-12-05,558000.0
779,1981-12-12,551000.0
780,1981-12-19,539000.0
781,1981-12-26,556000.0
782,1982-01-02,495000.0
783,1982-01-09,545000.0
784,1982-01-16,489000.0
785,1982-01-23,564000.0
786,1982-01-30,583000.0
787,1982-02-06,556000.0
788,1982-02-13,507000.0
789,1982-02-20,544000.0
790,1982-02-27,528000.0
791,1982-03-06,556000.0
792,1982-03-13,539000.0
793,1982-03-20,557000.0
794,1982-03-27,574000.0
795,1982-04-03,578000.0
796,1982-04-10,585000.0
797,1982-04-17,597000.0
798,1982-04-24,588000.0
799,1982-05-01,576000.0
800,1982-05-08,584000.0
801,1982-05-15,585000.0
802,1982-05-22,586000.0
803,1982-05-29,588000.0
804,1982-06-05,611000.0
805,1982-06-12,614000.0
806,1982-06-19,591000.0
807,1982-06-26,582000.0
808,1982-07-03,600000.0
809,1982-07-10,572000.0
810,1982-07-17,567000.0
811,1982-07-24,536000.0
812,1982-07-31,605000.0
813,1982-08-07,606000.0
814,1982-08-14,637000.0
815,1982-08-21,628000.0
816,1982-08-28,647000.0
817,1982-09-04,651000.0
818,1982-09-11,641000.0
819,1982-09-18,680000.0
820,1982-09-25,671000.0
821,1982-10-02,695000.0
822,1982-10-09,651000.0
823,1982-10-16,656000.0
824,1982-10-23,623000.0
825,1982-10-30,637000.0
826,1982-11-06,589000.0
827,1982-11-13,599000.0
828,1982-11-20,577000.0
829,1982-11-27,612000.0
830,1982-12-04,557000.0
831,1982-12-11,533000.0
832,1982-12-18,516000.0
833,1982-12-25,489000.0
834,1983-01-01,534000.0
835,1983-01-08,510000.0
836,1983-01-15,479000.0
837,1983-01-22,479000.0
838,1983-01-29,503000.0
839,1983-02-05,501000.0
840,1983-02-12,486000.0
841,1983-02-19,487000.0
842,1983-02-26,481000.0
843,1983-03-05,495000.0
844,1983-03-12,475000.0
845,1983-03-19,470000.0
846,1983-03-26,481000.0
847,1983-04-02,491000.0
848,1983-04-09,496000.0
849,1983-04-16,515000.0
850,1983-04-23,488000.0
851,1983-04-30,490000.0
852,1983-05-07,494000.0
853,1983-05-14,464000.0
854,1983-05-21,460000.0
855,1983-05-28,454000.0
856,1983-06-04,459000.0
857,1983-06-11,442000.0
858,1983-06-18,434000.0
859,1983-06-25,442000.0
860,1983-07-02,422000.0
861,1983-07-09,412000.0
862,1983-07-16,396000.0
863,1983-07-23,395000.0
864,1983-07-30,415000.0
865,1983-08-06,415000.0
866,1983-08-13,457000.0
867,1983-08-20,445000.0
868,1983-08-27,426000.0
869,1983-09-03,411000.0
870,1983-09-10,403000.0
871,1983-09-17,405000.0
872,1983-09-24,416000.0
873,1983-10-01,413000.0
874,1983-10-08,406000.0
875,1983-10-15,394000.0
876,1983-10-22,394000.0
877,1983-10-29,404000.0
878,1983-11-05,395000.0
879,1983-11-12,390000.0
880,1983-11-19,387000.0
881,1983-11-26,398000.0
882,1983-12-03,365000.0
883,1983-12-10,368000.0
884,1983-12-17,362000.0
885,1983-12-24,377000.0
886,1983-12-31,372000.0
887,1984-01-07,356000.0
888,1984-01-14,351000.0
889,1984-01-21,333000.0
890,1984-01-28,364000.0
891,1984-02-04,342000.0
892,1984-02-11,338000.0
893,1984-02-18,334000.0
894,1984-02-25,343000.0
895,1984-03-03,347000.0
896,1984-03-10,346000.0
897,1984-03-17,349000.0
898,1984-03-24,346000.0
899,1984-03-31,341000.0
900,1984-04-07,381000.0
901,1984-04-14,357000.0
902,1984-04-21,364000.0
903,1984-04-28,375000.0
904,1984-05-05,365000.0
905,1984-05-12,368000.0
906,1984-05-19,354000.0
907,1984-05-26,354000.0
908,1984-06-02,355000.0
909,1984-06-09,369000.0
910,1984-06-16,361000.0
911,1984-06-23,362000.0
912,1984-06-30,360000.0
913,1984-07-07,366000.0
914,1984-07-14,360000.0
915,1984-07-21,357000.0
916,1984-07-28,359000.0
917,1984-08-04,382000.0
918,1984-08-11,380000.0
919,1984-08-18,401000.0
920,1984-08-25,395000.0
921,1984-09-01,385000.0
922,1984-09-08,402000.0
923,1984-09-15,393000.0
924,1984-09-22,395000.0
925,1984-09-29,402000.0
926,1984-10-06,403000.0
927,1984-10-13,410000.0
928,1984-10-20,439000.0
929,1984-10-27,425000.0
930,1984-11-03,423000.0
931,1984-11-10,393000.0
932,1984-11-17,383000.0
933,1984-11-24,429000.0
934,1984-12-01,401000.0
935,1984-12-08,383000.0
936,1984-12-15,386000.0
937,1984-12-22,379000.0
938,1984-12-29,379000.0
939,1985-01-05,369000.0
940,1985-01-12,387000.0
941,1985-01-19,359000.0
942,1985-01-26,368000.0
943,1985-02-02,386000.0
944,1985-02-09,401000.0
945,1985-02-16,390000.0
946,1985-02-23,390000.0
947,1985-03-02,374000.0
948,1985-03-09,385000.0
949,1985-03-16,386000.0
950,1985-03-23,373000.0
951,1985-03-30,386000.0
952,1985-04-06,405000.0
953,1985-04-13,411000.0
954,1985-04-20,391000.0
955,1985-04-27,386000.0
956,1985-05-04,390000.0
957,1985-05-11,394000.0
958,1985-05-18,391000.0
959,1985-05-25,396000.0
960,1985-06-01,393000.0
961,1985-06-08,403000.0
962,1985-06-15,390000.0
963,1985-06-22,386000.0
964,1985-06-29,390000.0
965,1985-07-06,395000.0
966,1985-07-13,386000.0
967,1985-07-20,370000.0
968,1985-07-27,362000.0
969,1985-08-03,407000.0
970,1985-08-10,402000.0
971,1985-08-17,399000.0
972,1985-08-24,405000.0
973,1985-08-31,409000.0
974,1985-09-07,426000.0
975,1985-09-14,408000.0
976,1985-09-21,401000.0
977,1985-09-28,399000.0
978,1985-10-05,405000.0
979,1985-10-12,400000.0
980,1985-10-19,400000.0
981,1985-10-26,418000.0
982,1985-11-02,398000.0
983,1985-11-09,397000.0
984,1985-11-16,397000.0
985,1985-11-23,382000.0
986,1985-11-30,393000.0
987,1985-12-07,399000.0
988,1985-12-14,382000.0
989,1985-12-21,370000.0
990,1985-12-28,390000.0
991,1986-01-04,362000.0
992,1986-01-11,397000.0
993,1986-01-18,364000.0
994,1986-01-25,344000.0
995,1986-02-01,364000.0
996,1986-02-08,366000.0
997,1986-02-15,358000.0
998,1986-02-22,390000.0
999,1986-03-01,375000.0
1000,1986-03-08,366000.0
1001,1986-03-15,382000.0
1002,1986-03-22,387000.0
1003,1986-03-29,396000.0
1004,1986-04-05,381000.0
1005,1986-04-12,388000.0
1006,1986-04-19,383000.0
1007,1986-04-26,391000.0
1008,1986-05-03,392000.0
1009,1986-05-10,395000.0
1010,1986-05-17,384000.0
1011,1986-05-24,386000.0
1012,1986-05-31,373000.0
1013,1986-06-07,375000.0
1014,1986-06-14,369000.0
1015,1986-06-21,367000.0
1016,1986-06-28,371000.0
1017,1986-07-05,371000.0
1018,1986-07-12,361000.0
1019,1986-07-19,354000.0
1020,1986-07-26,362000.0
1021,1986-08-02,416000.0
1022,1986-08-09,416000.0
1023,1986-08-16,407000.0
1024,1986-08-23,397000.0
1025,1986-08-30,401000.0
1026,1986-09-06,400000.0
1027,1986-09-13,394000.0
1028,1986-09-20,399000.0
1029,1986-09-27,389000.0
1030,1986-10-04,391000.0
1031,1986-10-11,387000.0
1032,1986-10-18,385000.0
1033,1986-10-25,370000.0
1034,1986-11-01,364000.0
1035,1986-11-08,349000.0
1036,1986-11-15,368000.0
1037,1986-11-22,369000.0
1038,1986-11-29,366000.0
1039,1986-12-06,363000.0
1040,1986-12-13,375000.0
1041,1986-12-20,350000.0
1042,1986-12-27,345000.0
1043,1987-01-03,323000.0
1044,1987-01-10,348000.0
1045,1987-01-17,341000.0
1046,1987-01-24,346000.0
1047,1987-01-31,370000.0
1048,1987-02-07,368000.0
1049,1987-02-14,338000.0
1050,1987-02-21,341000.0
1051,1987-02-28,348000.0
1052,1987-03-07,337000.0
1053,1987-03-14,335000.0
1054,1987-03-21,335000.0
1055,1987-03-28,326000.0
1056,1987-04-04,330000.0
1057,1987-04-11,338000.0
1058,1987-04-18,349000.0
1059,1987-04-25,328000.0
1060,1987-05-02,330000.0
1061,1987-05-09,315000.0
1062,1987-05-16,341000.0
1063,1987-05-23,343000.0
1064,1987-05-30,326000.0
1065,1987-06-06,328000.0
1066,1987-06-13,316000.0
1067,1987-06-20,319000.0
1068,1987-06-27,326000.0
1069,1987-07-04,326000.0
1070,1987-07-11,317000.0
1071,1987-07-18,310000.0
1072,1987-07-25,324000.0
1073,1987-08-01,348000.0
1074,1987-08-08,327000.0
1075,1987-08-15,319000.0
1076,1987-08-22,312000.0
1077,1987-08-29,322000.0
1078,1987-09-05,316000.0
1079,1987-09-12,297000.0
1080,1987-09-19,309000.0
1081,1987-09-26,317000.0
1082,1987-10-03,301000.0
1083,1987-10-10,308000.0
1084,1987-10-17,301000.0
1085,1987-10-24,301000.0
1086,1987-10-31,289000.0
1087,1987-11-07,297000.0
1088,1987-11-14,307000.0
1089,1987-11-21,317000.0
1090,1987-11-28,306000.0
1091,1987-12-05,319000.0
1092,1987-12-12,317000.0
1093,1987-12-19,323000.0
1094,1987-12-26,316000.0
1095,1988-01-02,315000.0
1096,1988-01-09,325000.0
1097,1988-01-16,361000.0
1098,1988-01-23,335000.0
1099,1988-01-30,342000.0
1100,1988-02-06,318000.0
1101,1988-02-13,311000.0
1102,1988-02-20,327000.0
1103,1988-02-27,319000.0
1104,1988-03-05,307000.0
1105,1988-03-12,304000.0
1106,1988-03-19,307000.0
1107,1988-03-26,304000.0
1108,1988-04-02,309000.0
1109,1988-04-09,313000.0
1110,1988-04-16,314000.0
1111,1988-04-23,312000.0
1112,1988-04-30,313000.0
1113,1988-05-07,309000.0
1114,1988-05-14,314000.0
1115,1988-05-21,319000.0
1116,1988-05-28,313000.0
1117,1988-06-04,310000.0
1118,1988-06-11,305000.0
1119,1988-06-18,311000.0
1120,1988-06-25,307000.0
1121,1988-07-02,305000.0
1122,1988-07-09,303000.0
1123,1988-07-16,315000.0
1124,1988-07-23,354000.0
1125,1988-07-30,331000.0
1126,1988-08-06,316000.0
1127,1988-08-13,312000.0
1128,1988-08-20,316000.0
1129,1988-08-27,315000.0
1130,1988-09-03,306000.0
1131,1988-09-10,305000.0
1132,1988-09-17,306000.0
1133,1988-09-24,301000.0
1134,1988-10-01,292000.0
1135,1988-10-08,292000.0
1136,1988-10-15,293000.0
1137,1988-10-22,286000.0
1138,1988-10-29,294000.0
1139,1988-11-05,285000.0
1140,1988-11-12,284000.0
1141,1988-11-19,294000.0
1142,1988-11-26,299000.0
1143,1988-12-03,298000.0
1144,1988-12-10,285000.0
1145,1988-12-17,293000.0
1146,1988-12-24,286000.0
1147,1988-12-31,304000.0
1148,1989-01-07,299000.0
1149,1989-01-14,283000.0
1150,1989-01-21,282000.0
1151,1989-01-28,295000.0
1152,1989-02-04,288000.0
1153,1989-02-11,322000.0
1154,1989-02-18,305000.0
1155,1989-02-25,300000.0
1156,1989-03-04,325000.0
1157,1989-03-11,325000.0
1158,1989-03-18,319000.0
1159,1989-03-25,319000.0
1160,1989-04-01,323000.0
1161,1989-04-08,314000.0
1162,1989-04-15,307000.0
1163,1989-04-22,304000.0
1164,1989-04-29,311000.0
1165,1989-05-06,320000.0
1166,1989-05-13,332000.0
1167,1989-05-20,321000.0
1168,1989-05-27,325000.0
1169,1989-06-03,325000.0
1170,1989-06-10,332000.0
1171,1989-06-17,337000.0
1172,1989-06-24,338000.0
1173,1989-07-01,349000.0
1174,1989-07-08,341000.0
1175,1989-07-15,349000.0
1176,1989-07-22,332000.0
1177,1989-07-29,337000.0
1178,1989-08-05,338000.0
1179,1989-08-12,341000.0
1180,1989-08-19,327000.0
1181,1989-08-26,332000.0
1182,1989-09-02,329000.0
1183,1989-09-09,336000.0
1184,1989-09-16,334000.0
1185,1989-09-23,334000.0
1186,1989-09-30,347000.0
1187,1989-10-07,407000.0
1188,1989-10-14,345000.0
1189,1989-10-21,347000.0
1190,1989-10-28,354000.0
1191,1989-11-04,333000.0
1192,1989-11-11,336000.0
1193,1989-11-18,336000.0
1194,1989-11-25,342000.0
1195,1989-12-02,344000.0
1196,1989-12-09,338000.0
1197,1989-12-16,355000.0
1198,1989-12-23,381000.0
1199,1989-12-30,358000.0
1200,1990-01-06,355000.0
1201,1990-01-13,369000.0
1202,1990-01-20,375000.0
1203,1990-01-27,345000.0
1204,1990-02-03,368000.0
1205,1990-02-10,367000.0
1206,1990-02-17,348000.0
1207,1990-02-24,350000.0
1208,1990-03-03,351000.0
1209,1990-03-10,349000.0
1210,1990-03-17,349000.0
1211,1990-03-24,331000.0
1212,1990-03-31,346000.0
1213,1990-04-07,367000.0
1214,1990-04-14,357000.0
1215,1990-04-21,360000.0
1216,1990-04-28,363000.0
1217,1990-05-05,354000.0
1218,1990-05-12,355000.0
1219,1990-05-19,353000.0
1220,1990-05-26,359000.0
1221,1990-06-02,368000.0
1222,1990-06-09,359000.0
1223,1990-06-16,359000.0
1224,1990-06-23,362000.0
1225,1990-06-30,364000.0
1226,1990-07-07,362000.0
1227,1990-07-14,367000.0
1228,1990-07-21,370000.0
1229,1990-07-28,369000.0
1230,1990-08-04,369000.0
1231,1990-08-11,381000.0
1232,1990-08-18,393000.0
1233,1990-08-25,394000.0
1234,1990-09-01,392000.0
1235,1990-09-08,390000.0
1236,1990-09-15,395000.0
1237,1990-09-22,389000.0
1238,1990-09-29,404000.0
1239,1990-10-06,404000.0
1240,1990-10-13,422000.0
1241,1990-10-20,435000.0
1242,1990-10-27,440000.0
1243,1990-11-03,430000.0
1244,1990-11-10,448000.0
1245,1990-11-17,447000.0
1246,1990-11-24,462000.0
1247,1990-12-01,451000.0
1248,1990-12-08,449000.0
1249,1990-12-15,447000.0
1250,1990-12-22,474000.0
1251,1990-12-29,454000.0
1252,1991-01-05,415000.0
1253,1991-01-12,437000.0
1254,1991-01-19,445000.0
1255,1991-01-26,462000.0
1256,1991-02-02,483000.0
1257,1991-02-09,480000.0
1258,1991-02-16,474000.0
1259,1991-02-23,499000.0
1260,1991-03-02,488000.0
1261,1991-03-09,499000.0
1262,1991-03-16,498000.0
1263,1991-03-23,509000.0
1264,1991-03-30,499000.0
1265,1991-04-06,452000.0
1266,1991-04-13,477000.0
1267,1991-04-20,478000.0
1268,1991-04-27,462000.0
1269,1991-05-04,451000.0
1270,1991-05-11,446000.0
1271,1991-05-18,448000.0
1272,1991-05-25,443000.0
1273,1991-06-01,432000.0
1274,1991-06-08,441000.0
1275,1991-06-15,429000.0
1276,1991-06-22,423000.0
1277,1991-06-29,418000.0
1278,1991-07-06,422000.0
1279,1991-07-13,420000.0
1280,1991-07-20,408000.0
1281,1991-07-27,423000.0
1282,1991-08-03,438000.0
1283,1991-08-10,437000.0
1284,1991-08-17,433000.0
1285,1991-08-24,425000.0
1286,1991-08-31,425000.0
1287,1991-09-07,424000.0
1288,1991-09-14,418000.0
1289,1991-09-21,419000.0
1290,1991-09-28,437000.0
1291,1991-10-05,424000.0
1292,1991-10-12,425000.0
1293,1991-10-19,419000.0
1294,1991-10-26,423000.0
1295,1991-11-02,447000.0
1296,1991-11-09,453000.0
1297,1991-11-16,439000.0
1298,1991-11-23,444000.0
1299,1991-11-30,444000.0
1300,1991-12-07,475000.0
1301,1991-12-14,475000.0
1302,1991-12-21,436000.0
1303,1991-12-28,441000.0
1304,1992-01-04,432000.0
1305,1992-01-11,440000.0
1306,1992-01-18,443000.0
1307,1992-01-25,441000.0
1308,1992-02-01,440000.0
1309,1992-02-08,445000.0
1310,1992-02-15,446000.0
1311,1992-02-22,436000.0
1312,1992-02-29,444000.0
1313,1992-03-07,421000.0
1314,1992-03-14,437000.0
1315,1992-03-21,440000.0
1316,1992-03-28,420000.0
1317,1992-04-04,412000.0
1318,1992-04-11,413000.0
1319,1992-04-18,424000.0
1320,1992-04-25,424000.0
1321,1992-05-02,431000.0
1322,1992-05-09,417000.0
1323,1992-05-16,414000.0
1324,1992-05-23,414000.0
1325,1992-05-30,411000.0
1326,1992-06-06,416000.0
1327,1992-06-13,420000.0
1328,1992-06-20,419000.0
1329,1992-06-27,420000.0
1330,1992-07-04,407000.0
1331,1992-07-11,408000.0
1332,1992-07-18,392000.0
1333,1992-07-25,564000.0
1334,1992-08-01,423000.0
1335,1992-08-08,406000.0
1336,1992-08-15,401000.0
1337,1992-08-22,398000.0
1338,1992-08-29,408000.0
1339,1992-09-05,416000.0
1340,1992-09-12,416000.0
1341,1992-09-19,427000.0
1342,1992-09-26,409000.0
1343,1992-10-03,398000.0
1344,1992-10-10,374000.0
1345,1992-10-17,385000.0
1346,1992-10-24,367000.0
1347,1992-10-31,365000.0
1348,1992-11-07,374000.0
1349,1992-11-14,377000.0
1350,1992-11-21,357000.0
1351,1992-11-28,341000.0
1352,1992-12-05,350000.0
1353,1992-12-12,359000.0
1354,1992-12-19,334000.0
1355,1992-12-26,313000.0
1356,1993-01-02,341000.0
1357,1993-01-09,354000.0
1358,1993-01-16,352000.0
1359,1993-01-23,341000.0
1360,1993-01-30,340000.0
1361,1993-02-06,319000.0
1362,1993-02-13,321000.0
1363,1993-02-20,351000.0
1364,1993-02-27,362000.0
1365,1993-03-06,354000.0
1366,1993-03-13,346000.0
1367,1993-03-20,338000.0
1368,1993-03-27,366000.0
1369,1993-04-03,365000.0
1370,1993-04-10,353000.0
1371,1993-04-17,351000.0
1372,1993-04-24,350000.0
1373,1993-05-01,343000.0
1374,1993-05-08,339000.0
1375,1993-05-15,345000.0
1376,1993-05-22,342000.0
1377,1993-05-29,349000.0
1378,1993-06-05,343000.0
1379,1993-06-12,343000.0
1380,1993-06-19,345000.0
1381,1993-06-26,340000.0
1382,1993-07-03,334000.0
1383,1993-07-10,314000.0
1384,1993-07-17,335000.0
1385,1993-07-24,415000.0
1386,1993-07-31,356000.0
1387,1993-08-07,346000.0
1388,1993-08-14,339000.0
1389,1993-08-21,342000.0
1390,1993-08-28,337000.0
1391,1993-09-04,334000.0
1392,1993-09-11,333000.0
1393,1993-09-18,346000.0
1394,1993-09-25,343000.0
1395,1993-10-02,333000.0
1396,1993-10-09,355000.0
1397,1993-10-16,359000.0
1398,1993-10-23,354000.0
1399,1993-10-30,348000.0
1400,1993-11-06,350000.0
1401,1993-11-13,341000.0
1402,1993-11-20,336000.0
1403,1993-11-27,337000.0
1404,1993-12-04,337000.0
1405,1993-12-11,334000.0
1406,1993-12-18,331000.0
1407,1993-12-25,290000.0
1408,1994-01-01,341000.0
1409,1994-01-08,343000.0
1410,1994-01-15,355000.0
1411,1994-01-22,351000.0
1412,1994-01-29,406000.0
1413,1994-02-05,361000.0
1414,1994-02-12,354000.0
1415,1994-02-19,352000.0
1416,1994-02-26,327000.0
1417,1994-03-05,348000.0
1418,1994-03-12,341000.0
1419,1994-03-19,332000.0
1420,1994-03-26,322000.0
1421,1994-04-02,342000.0
1422,1994-04-09,349000.0
1423,1994-04-16,354000.0
1424,1994-04-23,331000.0
1425,1994-04-30,344000.0
1426,1994-05-07,371000.0
1427,1994-05-14,360000.0
1428,1994-05-21,357000.0
1429,1994-05-28,348000.0
1430,1994-06-04,345000.0
1431,1994-06-11,338000.0
1432,1994-06-18,336000.0
1433,1994-06-25,341000.0
1434,1994-07-02,334000.0
1435,1994-07-09,341000.0
1436,1994-07-16,359000.0
1437,1994-07-23,345000.0
1438,1994-07-30,332000.0
1439,1994-08-06,338000.0
1440,1994-08-13,335000.0
1441,1994-08-20,331000.0
1442,1994-08-27,341000.0
1443,1994-09-03,339000.0
1444,1994-09-10,331000.0
1445,1994-09-17,326000.0
1446,1994-09-24,325000.0
1447,1994-10-01,330000.0
1448,1994-10-08,341000.0
1449,1994-10-15,335000.0
1450,1994-10-22,330000.0
1451,1994-10-29,331000.0
1452,1994-11-05,328000.0
1453,1994-11-12,329000.0
1454,1994-11-19,326000.0
1455,1994-11-26,329000.0
1456,1994-12-03,324000.0
1457,1994-12-10,329000.0
1458,1994-12-17,330000.0
1459,1994-12-24,314000.0
1460,1994-12-31,319000.0
1461,1995-01-07,338000.0
1462,1995-01-14,347000.0
1463,1995-01-21,325000.0
1464,1995-01-28,324000.0
1465,1995-02-04,324000.0
1466,1995-02-11,348000.0
1467,1995-02-18,343000.0
1468,1995-02-25,336000.0
1469,1995-03-04,339000.0
1470,1995-03-11,347000.0
1471,1995-03-18,343000.0
1472,1995-03-25,332000.0
1473,1995-04-01,335000.0
1474,1995-04-08,347000.0
1475,1995-04-15,355000.0
1476,1995-04-22,349000.0
1477,1995-04-29,365000.0
1478,1995-05-06,364000.0
1479,1995-05-13,366000.0
1480,1995-05-20,377000.0
1481,1995-05-27,374000.0
1482,1995-06-03,362000.0
1483,1995-06-10,367000.0
1484,1995-06-17,378000.0
1485,1995-06-24,358000.0
1486,1995-07-01,355000.0
1487,1995-07-08,372000.0
1488,1995-07-15,389000.0
1489,1995-07-22,390000.0
1490,1995-07-29,351000.0
1491,1995-08-05,351000.0
1492,1995-08-12,353000.0
1493,1995-08-19,362000.0
1494,1995-08-26,359000.0
1495,1995-09-02,355000.0
1496,1995-09-09,371000.0
1497,1995-09-16,376000.0
1498,1995-09-23,353000.0
1499,1995-09-30,355000.0
1500,1995-10-07,374000.0
1501,1995-10-14,369000.0
1502,1995-10-21,366000.0
1503,1995-10-28,377000.0
1504,1995-11-04,380000.0
1505,1995-11-11,370000.0
1506,1995-11-18,379000.0
1507,1995-11-25,379000.0
1508,1995-12-02,373000.0
1509,1995-12-09,346000.0
1510,1995-12-16,373000.0
1511,1995-12-23,374000.0
1512,1995-12-30,359000.0
1513,1996-01-06,361000.0
1514,1996-01-13,333000.0
1515,1996-01-20,415000.0
1516,1996-01-27,387000.0
1517,1996-02-03,374000.0
1518,1996-02-10,387000.0
1519,1996-02-17,383000.0
1520,1996-02-24,365000.0
1521,1996-03-02,368000.0
1522,1996-03-09,361000.0
1523,1996-03-16,384000.0
1524,1996-03-23,426000.0
1525,1996-03-30,393000.0
1526,1996-04-06,369000.0
1527,1996-04-13,357000.0
1528,1996-04-20,368000.0
1529,1996-04-27,343000.0
1530,1996-05-04,338000.0
1531,1996-05-11,352000.0
1532,1996-05-18,345000.0
1533,1996-05-25,343000.0
1534,1996-06-01,340000.0
1535,1996-06-08,351000.0
1536,1996-06-15,342000.0
1537,1996-06-22,341000.0
1538,1996-06-29,337000.0
1539,1996-07-06,342000.0
1540,1996-07-13,347000.0
1541,1996-07-20,332000.0
1542,1996-07-27,327000.0
1543,1996-08-03,326000.0
1544,1996-08-10,331000.0
1545,1996-08-17,336000.0
1546,1996-08-24,337000.0
1547,1996-08-31,329000.0
1548,1996-09-07,333000.0
1549,1996-09-14,338000.0
1550,1996-09-21,352000.0
1551,1996-09-28,348000.0
1552,1996-10-05,335000.0
1553,1996-10-12,334000.0
1554,1996-10-19,335000.0
1555,1996-10-26,352000.0
1556,1996-11-02,334000.0
1557,1996-11-09,327000.0
1558,1996-11-16,342000.0
1559,1996-11-23,347000.0
1560,1996-11-30,332000.0
1561,1996-12-07,355000.0
1562,1996-12-14,352000.0
1563,1996-12-21,350000.0
1564,1996-12-28,357000.0
1565,1997-01-04,347000.0
1566,1997-01-11,324000.0
1567,1997-01-18,345000.0
1568,1997-01-25,340000.0
1569,1997-02-01,333000.0
1570,1997-02-08,315000.0
1571,1997-02-15,313000.0
1572,1997-02-22,322000.0
1573,1997-03-01,321000.0
1574,1997-03-08,317000.0
1575,1997-03-15,319000.0
1576,1997-03-22,315000.0
1577,1997-03-29,325000.0
1578,1997-04-05,325000.0
1579,1997-04-12,330000.0
1580,1997-04-19,316000.0
1581,1997-04-26,337000.0
1582,1997-05-03,342000.0
1583,1997-05-10,318000.0
1584,1997-05-17,322000.0
1585,1997-05-24,316000.0
1586,1997-05-31,321000.0
1587,1997-06-07,329000.0
1588,1997-06-14,335000.0
1589,1997-06-21,316000.0
1590,1997-06-28,322000.0
1591,1997-07-05,346000.0
1592,1997-07-12,328000.0
1593,1997-07-19,301000.0
1594,1997-07-26,306000.0
1595,1997-08-02,320000.0
1596,1997-08-09,329000.0
1597,1997-08-16,343000.0
1598,1997-08-23,327000.0
1599,1997-08-30,332000.0
1600,1997-09-06,313000.0
1601,1997-09-13,314000.0
1602,1997-09-20,317000.0
1603,1997-09-27,317000.0
1604,1997-10-04,311000.0
1605,1997-10-11,305000.0
1606,1997-10-18,318000.0
1607,1997-10-25,306000.0
1608,1997-11-01,313000.0
1609,1997-11-08,308000.0
1610,1997-11-15,325000.0
1611,1997-11-22,309000.0
1612,1997-11-29,318000.0
1613,1997-12-06,317000.0
1614,1997-12-13,323000.0
1615,1997-12-20,310000.0
1616,1997-12-27,303000.0
1617,1998-01-03,312000.0
1618,1998-01-10,331000.0
1619,1998-01-17,341000.0
1620,1998-01-24,307000.0
1621,1998-01-31,315000.0
1622,1998-02-07,311000.0
1623,1998-02-14,321000.0
1624,1998-02-21,327000.0
1625,1998-02-28,317000.0
1626,1998-03-07,308000.0
1627,1998-03-14,319000.0
1628,1998-03-21,321000.0
1629,1998-03-28,312000.0
1630,1998-04-04,312000.0
1631,1998-04-11,304000.0
1632,1998-04-18,317000.0
1633,1998-04-25,311000.0
1634,1998-05-02,304000.0
1635,1998-05-09,306000.0
1636,1998-05-16,315000.0
1637,1998-05-23,309000.0
1638,1998-05-30,322000.0
1639,1998-06-06,306000.0
1640,1998-06-13,321000.0
1641,1998-06-20,349000.0
1642,1998-06-27,376000.0
1643,1998-07-04,362000.0
1644,1998-07-11,320000.0
1645,1998-07-18,315000.0
1646,1998-07-25,335000.0
1647,1998-08-01,327000.0
1648,1998-08-08,316000.0
1649,1998-08-15,308000.0
1650,1998-08-22,302000.0
1651,1998-08-29,310000.0
1652,1998-09-05,313000.0
1653,1998-09-12,304000.0
1654,1998-09-19,305000.0
1655,1998-09-26,294000.0
1656,1998-10-03,302000.0
1657,1998-10-10,316000.0
1658,1998-10-17,318000.0
1659,1998-10-24,309000.0
1660,1998-10-31,308000.0
1661,1998-11-07,316000.0
1662,1998-11-14,334000.0
1663,1998-11-21,304000.0
1664,1998-11-28,310000.0
1665,1998-12-05,326000.0
1666,1998-12-12,305000.0
1667,1998-12-19,297000.0
1668,1998-12-26,336000.0
1669,1999-01-02,331000.0
1670,1999-01-09,345000.0
1671,1999-01-16,339000.0
1672,1999-01-23,311000.0
1673,1999-01-30,305000.0
1674,1999-02-06,291000.0
1675,1999-02-13,312000.0
1676,1999-02-20,302000.0
1677,1999-02-27,301000.0
1678,1999-03-06,300000.0
1679,1999-03-13,308000.0
1680,1999-03-20,305000.0
1681,1999-03-27,298000.0
1682,1999-04-03,310000.0
1683,1999-04-10,319000.0
1684,1999-04-17,314000.0
1685,1999-04-24,291000.0
1686,1999-05-01,296000.0
1687,1999-05-08,310000.0
1688,1999-05-15,301000.0
1689,1999-05-22,298000.0
1690,1999-05-29,303000.0
1691,1999-06-05,303000.0
1692,1999-06-12,290000.0
1693,1999-06-19,292000.0
1694,1999-06-26,291000.0
1695,1999-07-03,287000.0
1696,1999-07-10,288000.0
1697,1999-07-17,309000.0
1698,1999-07-24,306000.0
1699,1999-07-31,300000.0
1700,1999-08-07,295000.0
1701,1999-08-14,292000.0
1702,1999-08-21,286000.0
1703,1999-08-28,290000.0
1704,1999-09-04,290000.0
1705,1999-09-11,281000.0
1706,1999-09-18,281000.0
1707,1999-09-25,306000.0
1708,1999-10-02,309000.0
1709,1999-10-09,291000.0
1710,1999-10-16,287000.0
1711,1999-10-23,280000.0
1712,1999-10-30,285000.0
1713,1999-11-06,282000.0
1714,1999-11-13,281000.0
1715,1999-11-20,276000.0
1716,1999-11-27,288000.0
1717,1999-12-04,287000.0
1718,1999-12-11,272000.0
1719,1999-12-18,287000.0
1720,1999-12-25,268000.0
1721,2000-01-01,286000.0
1722,2000-01-08,298000.0
1723,2000-01-15,289000.0
1724,2000-01-22,284000.0
1725,2000-01-29,285000.0
1726,2000-02-05,312000.0
1727,2000-02-12,300000.0
1728,2000-02-19,283000.0
1729,2000-02-26,280000.0
1730,2000-03-04,286000.0
1731,2000-03-11,270000.0
1732,2000-03-18,271000.0
1733,2000-03-25,272000.0
1734,2000-04-01,266000.0
1735,2000-04-08,268000.0
1736,2000-04-15,259000.0
1737,2000-04-22,274000.0
1738,2000-04-29,291000.0
1739,2000-05-06,293000.0
1740,2000-05-13,276000.0
1741,2000-05-20,280000.0
1742,2000-05-27,280000.0
1743,2000-06-03,290000.0
1744,2000-06-10,284000.0
1745,2000-06-17,294000.0
1746,2000-06-24,296000.0
1747,2000-07-01,281000.0
1748,2000-07-08,293000.0
1749,2000-07-15,303000.0
1750,2000-07-22,300000.0
1751,2000-07-29,298000.0
1752,2000-08-05,306000.0
1753,2000-08-12,315000.0
1754,2000-08-19,318000.0
1755,2000-08-26,312000.0
1756,2000-09-02,301000.0
1757,2000-09-09,309000.0
1758,2000-09-16,311000.0
1759,2000-09-23,288000.0
1760,2000-09-30,292000.0
1761,2000-10-07,309000.0
1762,2000-10-14,299000.0
1763,2000-10-21,295000.0
1764,2000-10-28,301000.0
1765,2000-11-04,331000.0
1766,2000-11-11,318000.0
1767,2000-11-18,332000.0
1768,2000-11-25,356000.0
1769,2000-12-02,338000.0
1770,2000-12-09,321000.0
1771,2000-12-16,354000.0
1772,2000-12-23,364000.0
1773,2000-12-30,353000.0
1774,2001-01-06,337000.0
1775,2001-01-13,318000.0
1776,2001-01-20,343000.0
1777,2001-01-27,362000.0
1778,2001-02-03,376000.0
1779,2001-02-10,365000.0
1780,2001-02-17,358000.0
1781,2001-02-24,386000.0
1782,2001-03-03,384000.0
1783,2001-03-10,393000.0
1784,2001-03-17,393000.0
1785,2001-03-24,378000.0
1786,2001-03-31,388000.0
1787,2001-04-07,398000.0
1788,2001-04-14,383000.0
1789,2001-04-21,400000.0
1790,2001-04-28,406000.0
1791,2001-05-05,381000.0
1792,2001-05-12,390000.0
1793,2001-05-19,402000.0
1794,2001-05-26,405000.0
1795,2001-06-02,406000.0
1796,2001-06-09,411000.0
1797,2001-06-16,394000.0
1798,2001-06-23,381000.0
1799,2001-06-30,394000.0
1800,2001-07-07,401000.0
1801,2001-07-14,405000.0
1802,2001-07-21,398000.0
1803,2001-07-28,388000.0
1804,2001-08-04,401000.0
1805,2001-08-11,394000.0
1806,2001-08-18,402000.0
1807,2001-08-25,395000.0
1808,2001-09-01,402000.0
1809,2001-09-08,408000.0
1810,2001-09-15,395000.0
1811,2001-09-22,453000.0
1812,2001-09-29,517000.0
1813,2001-10-06,476000.0
1814,2001-10-13,482000.0
1815,2001-10-20,482000.0
1816,2001-10-27,483000.0
1817,2001-11-03,440000.0
1818,2001-11-10,428000.0
1819,2001-11-17,431000.0
1820,2001-11-24,491000.0
1821,2001-12-01,465000.0
1822,2001-12-08,393000.0
1823,2001-12-15,389000.0
1824,2001-12-22,416000.0
1825,2001-12-29,421000.0
1826,2002-01-05,397000.0
1827,2002-01-12,418000.0
1828,2002-01-19,405000.0
1829,2002-01-26,414000.0
1830,2002-02-02,404000.0
1831,2002-02-09,397000.0
1832,2002-02-16,397000.0
1833,2002-02-23,398000.0
1834,2002-03-02,392000.0
1835,2002-03-09,399000.0
1836,2002-03-16,392000.0
1837,2002-03-23,415000.0
1838,2002-03-30,479000.0
1839,2002-04-06,445000.0
1840,2002-04-13,442000.0
1841,2002-04-20,416000.0
1842,2002-04-27,414000.0
1843,2002-05-04,409000.0
1844,2002-05-11,413000.0
1845,2002-05-18,411000.0
1846,2002-05-25,403000.0
1847,2002-06-01,378000.0
1848,2002-06-08,388000.0
1849,2002-06-15,396000.0
1850,2002-06-22,388000.0
1851,2002-06-29,386000.0
1852,2002-07-06,391000.0
1853,2002-07-13,384000.0
1854,2002-07-20,379000.0
1855,2002-07-27,390000.0
1856,2002-08-03,388000.0
1857,2002-08-10,389000.0
1858,2002-08-17,399000.0
1859,2002-08-24,398000.0
1860,2002-08-31,394000.0
1861,2002-09-07,416000.0
1862,2002-09-14,412000.0
1863,2002-09-21,401000.0
1864,2002-09-28,409000.0
1865,2002-10-05,404000.0
1866,2002-10-12,405000.0
1867,2002-10-19,412000.0
1868,2002-10-26,409000.0
1869,2002-11-02,405000.0
1870,2002-11-09,400000.0
1871,2002-11-16,389000.0
1872,2002-11-23,390000.0
1873,2002-11-30,377000.0
1874,2002-12-07,425000.0
1875,2002-12-14,429000.0
1876,2002-12-21,394000.0
1877,2002-12-28,409000.0
1878,2003-01-04,393000.0
1879,2003-01-11,378000.0
1880,2003-01-18,402000.0
1881,2003-01-25,407000.0
1882,2003-02-01,413000.0
1883,2003-02-08,390000.0
1884,2003-02-15,420000.0
1885,2003-02-22,421000.0
1886,2003-03-01,436000.0
1887,2003-03-08,424000.0
1888,2003-03-15,430000.0
1889,2003-03-22,411000.0
1890,2003-03-29,436000.0
1891,2003-04-05,417000.0
1892,2003-04-12,434000.0
1893,2003-04-19,450000.0
1894,2003-04-26,444000.0
1895,2003-05-03,428000.0
1896,2003-05-10,417000.0
1897,2003-05-17,425000.0
1898,2003-05-24,419000.0
1899,2003-05-31,431000.0
1900,2003-06-07,429000.0
1901,2003-06-14,421000.0
1902,2003-06-21,408000.0
1903,2003-06-28,429000.0
1904,2003-07-05,433000.0
1905,2003-07-12,412000.0
1906,2003-07-19,403000.0
1907,2003-07-26,398000.0
1908,2003-08-02,401000.0
1909,2003-08-09,404000.0
1910,2003-08-16,398000.0
1911,2003-08-23,391000.0
1912,2003-08-30,407000.0
1913,2003-09-06,422000.0
1914,2003-09-13,394000.0
1915,2003-09-20,379000.0
1916,2003-09-27,387000.0
1917,2003-10-04,386000.0
1918,2003-10-11,376000.0
1919,2003-10-18,387000.0
1920,2003-10-25,379000.0
1921,2003-11-01,363000.0
1922,2003-11-08,371000.0
1923,2003-11-15,370000.0
1924,2003-11-22,354000.0
1925,2003-11-29,357000.0
1926,2003-12-06,367000.0
1927,2003-12-13,363000.0
1928,2003-12-20,354000.0
1929,2003-12-27,349000.0
1930,2004-01-03,356000.0
1931,2004-01-10,354000.0
1932,2004-01-17,362000.0
1933,2004-01-24,353000.0
1934,2004-01-31,376000.0
1935,2004-02-07,380000.0
1936,2004-02-14,356000.0
1937,2004-02-21,359000.0
1938,2004-02-28,348000.0
1939,2004-03-06,344000.0
1940,2004-03-13,338000.0
1941,2004-03-20,346000.0
1942,2004-03-27,340000.0
1943,2004-04-03,335000.0
1944,2004-04-10,355000.0
1945,2004-04-17,364000.0
1946,2004-04-24,339000.0
1947,2004-05-01,324000.0
1948,2004-05-08,329000.0
1949,2004-05-15,349000.0
1950,2004-05-22,342000.0
1951,2004-05-29,337000.0
1952,2004-06-05,355000.0
1953,2004-06-12,339000.0
1954,2004-06-19,354000.0
1955,2004-06-26,348000.0
1956,2004-07-03,326000.0
1957,2004-07-10,345000.0
1958,2004-07-17,355000.0
1959,2004-07-24,348000.0
1960,2004-07-31,341000.0
1961,2004-08-07,336000.0
1962,2004-08-14,332000.0
1963,2004-08-21,343000.0
1964,2004-08-28,352000.0
1965,2004-09-04,326000.0
1966,2004-09-11,331000.0
1967,2004-09-18,341000.0
1968,2004-09-25,351000.0
1969,2004-10-02,335000.0
1970,2004-10-09,338000.0
1971,2004-10-16,327000.0
1972,2004-10-23,338000.0
1973,2004-10-30,332000.0
1974,2004-11-06,330000.0
1975,2004-11-13,337000.0
1976,2004-11-20,313000.0
1977,2004-11-27,335000.0
1978,2004-12-04,343000.0
1979,2004-12-11,316000.0
1980,2004-12-18,322000.0
1981,2004-12-25,320000.0
1982,2005-01-01,356000.0
1983,2005-01-08,369000.0
1984,2005-01-15,332000.0
1985,2005-01-22,329000.0
1986,2005-01-29,331000.0
1987,2005-02-05,307000.0
1988,2005-02-12,308000.0
1989,2005-02-19,318000.0
1990,2005-02-26,314000.0
1991,2005-03-05,333000.0
1992,2005-03-12,324000.0
1993,2005-03-19,329000.0
1994,2005-03-26,342000.0
1995,2005-04-02,335000.0
1996,2005-04-09,323000.0
1997,2005-04-16,307000.0
1998,2005-04-23,317000.0
1999,2005-04-30,334000.0
2000,2005-05-07,327000.0
2001,2005-05-14,321000.0
2002,2005-05-21,320000.0
2003,2005-05-28,340000.0
2004,2005-06-04,338000.0
2005,2005-06-11,333000.0
2006,2005-06-18,321000.0
2007,2005-06-25,311000.0
2008,2005-07-02,327000.0
2009,2005-07-09,338000.0
2010,2005-07-16,323000.0
2011,2005-07-23,318000.0
2012,2005-07-30,316000.0
2013,2005-08-06,311000.0
2014,2005-08-13,319000.0
2015,2005-08-20,315000.0
2016,2005-08-27,318000.0
2017,2005-09-03,326000.0
2018,2005-09-10,422000.0
2019,2005-09-17,424000.0
2020,2005-09-24,359000.0
2021,2005-10-01,384000.0
2022,2005-10-08,383000.0
2023,2005-10-15,348000.0
2024,2005-10-22,324000.0
2025,2005-10-29,322000.0
2026,2005-11-05,325000.0
2027,2005-11-12,309000.0
2028,2005-11-19,324000.0
2029,2005-11-26,311000.0
2030,2005-12-03,321000.0
2031,2005-12-10,327000.0
2032,2005-12-17,312000.0
2033,2005-12-24,320000.0
2034,2005-12-31,302000.0
2035,2006-01-07,326000.0
2036,2006-01-14,285000.0
2037,2006-01-21,290000.0
2038,2006-01-28,282000.0
2039,2006-02-04,289000.0
2040,2006-02-11,298000.0
2041,2006-02-18,283000.0
2042,2006-02-25,293000.0
2043,2006-03-04,302000.0
2044,2006-03-11,307000.0
2045,2006-03-18,303000.0
2046,2006-03-25,295000.0
2047,2006-04-01,291000.0
2048,2006-04-08,299000.0
2049,2006-04-15,299000.0
2050,2006-04-22,308000.0
2051,2006-04-29,321000.0
2052,2006-05-06,347000.0
2053,2006-05-13,335000.0
2054,2006-05-20,319000.0
2055,2006-05-27,330000.0
2056,2006-06-03,307000.0
2057,2006-06-10,298000.0
2058,2006-06-17,308000.0
2059,2006-06-24,309000.0
2060,2006-07-01,316000.0
2061,2006-07-08,343000.0
2062,2006-07-15,318000.0
2063,2006-07-22,306000.0
2064,2006-07-29,311000.0
2065,2006-08-05,318000.0
2066,2006-08-12,310000.0
2067,2006-08-19,315000.0
2068,2006-08-26,314000.0
2069,2006-09-02,315000.0
2070,2006-09-09,314000.0
2071,2006-09-16,324000.0
2072,2006-09-23,319000.0
2073,2006-09-30,309000.0
2074,2006-10-07,316000.0
2075,2006-10-14,305000.0
2076,2006-10-21,313000.0
2077,2006-10-28,328000.0
2078,2006-11-04,319000.0
2079,2006-11-11,311000.0
2080,2006-11-18,326000.0
2081,2006-11-25,349000.0
2082,2006-12-02,327000.0
2083,2006-12-09,311000.0
2084,2006-12-16,318000.0
2085,2006-12-23,323000.0
2086,2006-12-30,341000.0
2087,2007-01-06,330000.0
2088,2007-01-13,296000.0
2089,2007-01-20,335000.0
2090,2007-01-27,308000.0
2091,2007-02-03,310000.0
2092,2007-02-10,338000.0
2093,2007-02-17,321000.0
2094,2007-02-24,322000.0
2095,2007-03-03,320000.0
2096,2007-03-10,308000.0
2097,2007-03-17,309000.0
2098,2007-03-24,303000.0
2099,2007-03-31,307000.0
2100,2007-04-07,332000.0
2101,2007-04-14,327000.0
2102,2007-04-21,321000.0
2103,2007-04-28,301000.0
2104,2007-05-05,300000.0
2105,2007-05-12,297000.0
2106,2007-05-19,310000.0
2107,2007-05-26,310000.0
2108,2007-06-02,313000.0
2109,2007-06-09,313000.0
2110,2007-06-16,320000.0
2111,2007-06-23,313000.0
2112,2007-06-30,317000.0
2113,2007-07-07,321000.0
2114,2007-07-14,317000.0
2115,2007-07-21,310000.0
2116,2007-07-28,305000.0
2117,2007-08-04,314000.0
2118,2007-08-11,316000.0
2119,2007-08-18,321000.0
2120,2007-08-25,329000.0
2121,2007-09-01,314000.0
2122,2007-09-08,321000.0
2123,2007-09-15,313000.0
2124,2007-09-22,302000.0
2125,2007-09-29,317000.0
2126,2007-10-06,316000.0
2127,2007-10-13,335000.0
2128,2007-10-20,334000.0
2129,2007-10-27,328000.0
2130,2007-11-03,327000.0
2131,2007-11-10,333000.0
2132,2007-11-17,332000.0
2133,2007-11-24,352000.0
2134,2007-12-01,344000.0
2135,2007-12-08,332000.0
2136,2007-12-15,350000.0
2137,2007-12-22,355000.0
2138,2007-12-29,360000.0
2139,2008-01-05,346000.0
2140,2008-01-12,322000.0
2141,2008-01-19,321000.0
2142,2008-01-26,366000.0
2143,2008-02-02,350000.0
2144,2008-02-09,344000.0
2145,2008-02-16,339000.0
2146,2008-02-23,354000.0
2147,2008-03-01,345000.0
2148,2008-03-08,348000.0
2149,2008-03-15,369000.0
2150,2008-03-22,368000.0
2151,2008-03-29,387000.0
2152,2008-04-05,354000.0
2153,2008-04-12,365000.0
2154,2008-04-19,349000.0
2155,2008-04-26,370000.0
2156,2008-05-03,370000.0
2157,2008-05-10,366000.0
2158,2008-05-17,367000.0
2159,2008-05-24,369000.0
2160,2008-05-31,362000.0
2161,2008-06-07,382000.0
2162,2008-06-14,378000.0
2163,2008-06-21,381000.0
2164,2008-06-28,392000.0
2165,2008-07-05,371000.0
2166,2008-07-12,385000.0
2167,2008-07-19,402000.0
2168,2008-07-26,434000.0
2169,2008-08-02,448000.0
2170,2008-08-09,430000.0
2171,2008-08-16,424000.0
2172,2008-08-23,421000.0
2173,2008-08-30,442000.0
2174,2008-09-06,441000.0
2175,2008-09-13,449000.0
2176,2008-09-20,483000.0
2177,2008-09-27,483000.0
2178,2008-10-04,482000.0
2179,2008-10-11,461000.0
2180,2008-10-18,478000.0
2181,2008-10-25,480000.0
2182,2008-11-01,490000.0
2183,2008-11-08,512000.0
2184,2008-11-15,536000.0
2185,2008-11-22,532000.0
2186,2008-11-29,529000.0
2187,2008-12-06,570000.0
2188,2008-12-13,566000.0
2189,2008-12-20,587000.0
2190,2008-12-27,533000.0
2191,2009-01-03,503000.0
2192,2009-01-10,551000.0
2193,2009-01-17,591000.0
2194,2009-01-24,586000.0
2195,2009-01-31,629000.0
2196,2009-02-07,637000.0
2197,2009-02-14,632000.0
2198,2009-02-21,655000.0
2199,2009-02-28,652000.0
2200,2009-03-07,660000.0
2201,2009-03-14,651000.0
2202,2009-03-21,661000.0
2203,2009-03-28,665000.0
2204,2009-04-04,653000.0
2205,2009-04-11,599000.0
2206,2009-04-18,639000.0
2207,2009-04-25,620000.0
2208,2009-05-02,602000.0
2209,2009-05-09,625000.0
2210,2009-05-16,620000.0
2211,2009-05-23,606000.0
2212,2009-05-30,607000.0
2213,2009-06-06,596000.0
2214,2009-06-13,595000.0
2215,2009-06-20,608000.0
2216,2009-06-27,594000.0
2217,2009-07-04,573000.0
2218,2009-07-11,546000.0
2219,2009-07-18,560000.0
2220,2009-07-25,587000.0
2221,2009-08-01,555000.0
2222,2009-08-08,555000.0
2223,2009-08-15,562000.0
2224,2009-08-22,560000.0
2225,2009-08-29,564000.0
2226,2009-09-05,558000.0
2227,2009-09-12,542000.0
2228,2009-09-19,536000.0
2229,2009-09-26,554000.0
2230,2009-10-03,533000.0
2231,2009-10-10,511000.0
2232,2009-10-17,531000.0
2233,2009-10-24,530000.0
2234,2009-10-31,522000.0
2235,2009-11-07,512000.0
2236,2009-11-14,507000.0
2237,2009-11-21,482000.0
2238,2009-11-28,475000.0
2239,2009-12-05,497000.0
2240,2009-12-12,498000.0
2241,2009-12-19,479000.0
2242,2009-12-26,468000.0
2243,2010-01-02,456000.0
2244,2010-01-09,469000.0
2245,2010-01-16,507000.0
2246,2010-01-23,471000.0
2247,2010-01-30,496000.0
2248,2010-02-06,466000.0
2249,2010-02-13,489000.0
2250,2010-02-20,500000.0
2251,2010-02-27,488000.0
2252,2010-03-06,472000.0
2253,2010-03-13,478000.0
2254,2010-03-20,472000.0
2255,2010-03-27,459000.0
2256,2010-04-03,479000.0
2257,2010-04-10,479000.0
2258,2010-04-17,469000.0
2259,2010-04-24,449000.0
2260,2010-05-01,451000.0
2261,2010-05-08,451000.0
2262,2010-05-15,474000.0
2263,2010-05-22,463000.0
2264,2010-05-29,458000.0
2265,2010-06-05,459000.0
2266,2010-06-12,467000.0
2267,2010-06-19,452000.0
2268,2010-06-26,464000.0
2269,2010-07-03,454000.0
2270,2010-07-10,439000.0
2271,2010-07-17,462000.0
2272,2010-07-24,465000.0
2273,2010-07-31,476000.0
2274,2010-08-07,483000.0
2275,2010-08-14,486000.0
2276,2010-08-21,464000.0
2277,2010-08-28,467000.0
2278,2010-09-04,452000.0
2279,2010-09-11,444000.0
2280,2010-09-18,459000.0
2281,2010-09-25,459000.0
2282,2010-10-02,446000.0
2283,2010-10-09,459000.0
2284,2010-10-16,444000.0
2285,2010-10-23,432000.0
2286,2010-10-30,453000.0
2287,2010-11-06,434000.0
2288,2010-11-13,432000.0
2289,2010-11-20,407000.0
2290,2010-11-27,432000.0
2291,2010-12-04,428000.0
2292,2010-12-11,425000.0
2293,2010-12-18,424000.0
2294,2010-12-25,404000.0
2295,2011-01-01,413000.0
2296,2011-01-08,434000.0
2297,2011-01-15,421000.0
2298,2011-01-22,446000.0
2299,2011-01-29,420000.0
2300,2011-02-05,402000.0
2301,2011-02-12,425000.0
2302,2011-02-19,394000.0
2303,2011-02-26,385000.0
2304,2011-03-05,414000.0
2305,2011-03-12,404000.0
2306,2011-03-19,407000.0
2307,2011-03-26,399000.0
2308,2011-04-02,395000.0
2309,2011-04-09,416000.0
2310,2011-04-16,402000.0
2311,2011-04-23,422000.0
2312,2011-04-30,468000.0
2313,2011-05-07,435000.0
2314,2011-05-14,414000.0
2315,2011-05-21,423000.0
2316,2011-05-28,418000.0
2317,2011-06-04,423000.0
2318,2011-06-11,413000.0
2319,2011-06-18,416000.0
2320,2011-06-25,421000.0
2321,2011-07-02,418000.0
2322,2011-07-09,408000.0
2323,2011-07-16,420000.0
2324,2011-07-23,411000.0
2325,2011-07-30,406000.0
2326,2011-08-06,405000.0
2327,2011-08-13,409000.0
2328,2011-08-20,415000.0
2329,2011-08-27,409000.0
2330,2011-09-03,414000.0
2331,2011-09-10,429000.0
2332,2011-09-17,422000.0
2333,2011-09-24,406000.0
2334,2011-10-01,405000.0
2335,2011-10-08,410000.0
2336,2011-10-15,395000.0
2337,2011-10-22,403000.0
2338,2011-10-29,399000.0
2339,2011-11-05,392000.0
2340,2011-11-12,383000.0
2341,2011-11-19,385000.0
2342,2011-11-26,397000.0
2343,2011-12-03,387000.0
2344,2011-12-10,368000.0
2345,2011-12-17,368000.0
2346,2011-12-24,386000.0
2347,2011-12-31,376000.0
2348,2012-01-07,391000.0
2349,2012-01-14,367000.0
2350,2012-01-21,381000.0
2351,2012-01-28,372000.0
2352,2012-02-04,368000.0
2353,2012-02-11,361000.0
2354,2012-02-18,359000.0
2355,2012-02-25,365000.0
2356,2012-03-03,375000.0
2357,2012-03-10,369000.0
2358,2012-03-17,368000.0
2359,2012-03-24,363000.0
2360,2012-03-31,358000.0
2361,2012-04-07,387000.0
2362,2012-04-14,381000.0
2363,2012-04-21,387000.0
2364,2012-04-28,372000.0
2365,2012-05-05,373000.0
2366,2012-05-12,369000.0
2367,2012-05-19,371000.0
2368,2012-05-26,381000.0
2369,2012-06-02,377000.0
2370,2012-06-09,383000.0
2371,2012-06-16,384000.0
2372,2012-06-23,380000.0
2373,2012-06-30,372000.0
2374,2012-07-07,360000.0
2375,2012-07-14,390000.0
2376,2012-07-21,368000.0
2377,2012-07-28,372000.0
2378,2012-08-04,371000.0
2379,2012-08-11,369000.0
2380,2012-08-18,376000.0
2381,2012-08-25,377000.0
2382,2012-09-01,371000.0
2383,2012-09-08,393000.0
2384,2012-09-15,392000.0
2385,2012-09-22,377000.0
2386,2012-09-29,376000.0
2387,2012-10-06,350000.0
2388,2012-10-13,386000.0
2389,2012-10-20,374000.0
2390,2012-10-27,364000.0
2391,2012-11-03,365000.0
2392,2012-11-10,446000.0
2393,2012-11-17,406000.0
2394,2012-11-24,388000.0
2395,2012-12-01,375000.0
2396,2012-12-08,340000.0
2397,2012-12-15,356000.0
2398,2012-12-22,362000.0
2399,2012-12-29,362000.0
2400,2013-01-05,363000.0
2401,2013-01-12,344000.0
2402,2013-01-19,339000.0
2403,2013-01-26,366000.0
2404,2013-02-02,361000.0
2405,2013-02-09,347000.0
2406,2013-02-16,362000.0
2407,2013-02-23,342000.0
2408,2013-03-02,340000.0
2409,2013-03-09,343000.0
2410,2013-03-16,343000.0
2411,2013-03-23,358000.0
2412,2013-03-30,375000.0
2413,2013-04-06,359000.0
2414,2013-04-13,356000.0
2415,2013-04-20,343000.0
2416,2013-04-27,331000.0
2417,2013-05-04,335000.0
2418,2013-05-11,360000.0
2419,2013-05-18,343000.0
2420,2013-05-25,353000.0
2421,2013-06-01,346000.0
2422,2013-06-08,337000.0
2423,2013-06-15,353000.0
2424,2013-06-22,347000.0
2425,2013-06-29,340000.0
2426,2013-07-06,351000.0
2427,2013-07-13,344000.0
2428,2013-07-20,355000.0
2429,2013-07-27,334000.0
2430,2013-08-03,339000.0
2431,2013-08-10,327000.0
2432,2013-08-17,340000.0
2433,2013-08-24,336000.0
2434,2013-08-31,325000.0
2435,2013-09-07,300000.0
2436,2013-09-14,323000.0
2437,2013-09-21,314000.0
2438,2013-09-28,319000.0
2439,2013-10-05,368000.0
2440,2013-10-12,368000.0
2441,2013-10-19,351000.0
2442,2013-10-26,347000.0
2443,2013-11-02,342000.0
2444,2013-11-09,340000.0
2445,2013-11-16,331000.0
2446,2013-11-23,316000.0
2447,2013-11-30,312000.0
2448,2013-12-07,354000.0
2449,2013-12-14,364000.0
2450,2013-12-21,334000.0
2451,2013-12-28,332000.0
2452,2014-01-04,322000.0
2453,2014-01-11,318000.0
2454,2014-01-18,327000.0
2455,2014-01-25,340000.0
2456,2014-02-01,331000.0
2457,2014-02-08,337000.0
2458,2014-02-15,332000.0
2459,2014-02-22,341000.0
2460,2014-03-01,319000.0
2461,2014-03-08,322000.0
2462,2014-03-15,321000.0
2463,2014-03-22,313000.0
2464,2014-03-29,330000.0
2465,2014-04-05,311000.0
2466,2014-04-12,308000.0
2467,2014-04-19,327000.0
2468,2014-04-26,345000.0
2469,2014-05-03,325000.0
2470,2014-05-10,303000.0
2471,2014-05-17,324000.0
2472,2014-05-24,305000.0
2473,2014-05-31,312000.0
2474,2014-06-07,317000.0
2475,2014-06-14,314000.0
2476,2014-06-21,315000.0
2477,2014-06-28,308000.0
2478,2014-07-05,302000.0
2479,2014-07-12,308000.0
2480,2014-07-19,294000.0
2481,2014-07-26,303000.0
2482,2014-08-02,295000.0
2483,2014-08-09,309000.0
2484,2014-08-16,303000.0
2485,2014-08-23,300000.0
2486,2014-08-30,303000.0
2487,2014-09-06,307000.0
2488,2014-09-13,288000.0
2489,2014-09-20,295000.0
2490,2014-09-27,290000.0
2491,2014-10-04,293000.0
2492,2014-10-11,281000.0
2493,2014-10-18,290000.0
2494,2014-10-25,291000.0
2495,2014-11-01,280000.0
2496,2014-11-08,291000.0
2497,2014-11-15,293000.0
2498,2014-11-22,303000.0
2499,2014-11-29,291000.0
2500,2014-12-06,291000.0
2501,2014-12-13,286000.0
2502,2014-12-20,276000.0
2503,2014-12-27,285000.0
2504,2015-01-03,294000.0
2505,2015-01-10,304000.0
2506,2015-01-17,298000.0
2507,2015-01-24,261000.0
2508,2015-01-31,281000.0
2509,2015-02-07,298000.0
2510,2015-02-14,285000.0
2511,2015-02-21,305000.0
2512,2015-02-28,317000.0
2513,2015-03-07,293000.0
2514,2015-03-14,290000.0
2515,2015-03-21,284000.0
2516,2015-03-28,269000.0
2517,2015-04-04,282000.0
2518,2015-04-11,298000.0
2519,2015-04-18,295000.0
2520,2015-04-25,269000.0
2521,2015-05-02,267000.0
2522,2015-05-09,271000.0
2523,2015-05-16,276000.0
2524,2015-05-23,281000.0
2525,2015-05-30,275000.0
2526,2015-06-06,278000.0
2527,2015-06-13,269000.0
2528,2015-06-20,273000.0
2529,2015-06-27,275000.0
2530,2015-07-04,292000.0
2531,2015-07-11,285000.0
2532,2015-07-18,265000.0
2533,2015-07-25,269000.0
2534,2015-08-01,270000.0
2535,2015-08-08,274000.0
2536,2015-08-15,279000.0
2537,2015-08-22,274000.0
2538,2015-08-29,279000.0
2539,2015-09-05,273000.0
2540,2015-09-12,264000.0
2541,2015-09-19,269000.0
2542,2015-09-26,272000.0
2543,2015-10-03,267000.0
2544,2015-10-10,265000.0
2545,2015-10-17,264000.0
2546,2015-10-24,264000.0
2547,2015-10-31,275000.0
2548,2015-11-07,276000.0
2549,2015-11-14,272000.0
2550,2015-11-21,261000.0
2551,2015-11-28,265000.0
2552,2015-12-05,280000.0
2553,2015-12-12,268000.0
2554,2015-12-19,260000.0
2555,2015-12-26,276000.0
2556,2016-01-02,273000.0
2557,2016-01-09,284000.0
2558,2016-01-16,290000.0
2559,2016-01-23,269000.0
2560,2016-01-30,281000.0
2561,2016-02-06,265000.0
2562,2016-02-13,263000.0
2563,2016-02-20,272000.0
2564,2016-02-27,269000.0
2565,2016-03-05,257000.0
2566,2016-03-12,263000.0
2567,2016-03-19,264000.0
2568,2016-03-26,273000.0
2569,2016-04-02,272000.0
2570,2016-04-09,263000.0
2571,2016-04-16,255000.0
2572,2016-04-23,259000.0
2573,2016-04-30,277000.0
2574,2016-05-07,290000.0
2575,2016-05-14,279000.0
2576,2016-05-21,268000.0
2577,2016-05-28,264000.0
2578,2016-06-04,265000.0
2579,2016-06-11,273000.0
2580,2016-06-18,261000.0
2581,2016-06-25,262000.0
2582,2016-07-02,256000.0
2583,2016-07-09,257000.0
2584,2016-07-16,260000.0
2585,2016-07-23,264000.0
2586,2016-07-30,266000.0
2587,2016-08-06,266000.0
2588,2016-08-13,265000.0
2589,2016-08-20,265000.0
2590,2016-08-27,262000.0
2591,2016-09-03,257000.0
2592,2016-09-10,253000.0
2593,2016-09-17,252000.0
2594,2016-09-24,247000.0
2595,2016-10-01,246000.0
2596,2016-10-08,251000.0
2597,2016-10-15,264000.0
2598,2016-10-22,257000.0
2599,2016-10-29,265000.0
2600,2016-11-05,251000.0
2601,2016-11-12,232000.0
2602,2016-11-19,248000.0
2603,2016-11-26,260000.0
2604,2016-12-03,252000.0
2605,2016-12-10,251000.0
2606,2016-12-17,262000.0
2607,2016-12-24,254000.0
2608,2016-12-31,236000.0
2609,2017-01-07,244000.0
2610,2017-01-14,246000.0
2611,2017-01-21,256000.0
2612,2017-01-28,241000.0
2613,2017-02-04,236000.0
2614,2017-02-11,242000.0
2615,2017-02-18,247000.0
2616,2017-02-25,232000.0
2617,2017-03-04,246000.0
2618,2017-03-11,244000.0
2619,2017-03-18,255000.0
2620,2017-03-25,256000.0
2621,2017-04-01,236000.0
2622,2017-04-08,237000.0
2623,2017-04-15,244000.0
2624,2017-04-22,251000.0
2625,2017-04-29,241000.0
2626,2017-05-06,237000.0
2627,2017-05-13,237000.0
2628,2017-05-20,234000.0
2629,2017-05-27,251000.0
2630,2017-06-03,244000.0
2631,2017-06-10,238000.0
2632,2017-06-17,243000.0
2633,2017-06-24,237000.0
2634,2017-07-01,248000.0
2635,2017-07-08,248000.0
2636,2017-07-15,241000.0
2637,2017-07-22,245000.0
2638,2017-07-29,242000.0
2639,2017-08-05,246000.0
2640,2017-08-12,236000.0
2641,2017-08-19,241000.0
2642,2017-08-26,239000.0
2643,2017-09-02,299000.0
2644,2017-09-09,275000.0
2645,2017-09-16,260000.0
2646,2017-09-23,262000.0
2647,2017-09-30,255000.0
2648,2017-10-07,246000.0
2649,2017-10-14,232000.0
2650,2017-10-21,236000.0
2651,2017-10-28,235000.0
2652,2017-11-04,240000.0
2653,2017-11-11,246000.0
2654,2017-11-18,238000.0
2655,2017-11-25,237000.0
2656,2017-12-02,235000.0
2657,2017-12-09,226000.0
2658,2017-12-16,242000.0
2659,2017-12-23,242000.0
2660,2017-12-30,243000.0
2661,2018-01-06,251000.0
2662,2018-01-13,229000.0
2663,2018-01-20,237000.0
2664,2018-01-27,221000.0
2665,2018-02-03,221000.0
2666,2018-02-10,224000.0
2667,2018-02-17,220000.0
2668,2018-02-24,215000.0
2669,2018-03-03,226000.0
2670,2018-03-10,223000.0
2671,2018-03-17,224000.0
2672,2018-03-24,220000.0
2673,2018-03-31,237000.0
2674,2018-04-07,234000.0
2675,2018-04-14,235000.0
2676,2018-04-21,207000.0
2677,2018-04-28,212000.0
2678,2018-05-05,210000.0
2679,2018-05-12,224000.0
2680,2018-05-19,230000.0
2681,2018-05-26,221000.0
2682,2018-06-02,221000.0
2683,2018-06-09,218000.0
2684,2018-06-16,220000.0
2685,2018-06-23,220000.0
2686,2018-06-30,228000.0
2687,2018-07-07,215000.0
2688,2018-07-14,212000.0
2689,2018-07-21,220000.0
2690,2018-07-28,218000.0
2691,2018-08-04,218000.0
2692,2018-08-11,213000.0
2693,2018-08-18,216000.0
2694,2018-08-25,214000.0
2695,2018-09-01,210000.0
2696,2018-09-08,211000.0
2697,2018-09-15,213000.0
2698,2018-09-22,212000.0
2699,2018-09-29,217000.0
2700,2018-10-06,213000.0
2701,2018-10-13,213000.0
2702,2018-10-20,219000.0
2703,2018-10-27,217000.0
2704,2018-11-03,217000.0
2705,2018-11-10,218000.0
2706,2018-11-17,222000.0
2707,2018-11-24,232000.0
2708,2018-12-01,232000.0
2709,2018-12-08,203000.0
2710,2018-12-15,216000.0
2711,2018-12-22,219000.0
2712,2018-12-29,228000.0
2713,2019-01-05,220000.0
2714,2019-01-12,216000.0
2715,2019-01-19,209000.0
2716,2019-01-26,236000.0
2717,2019-02-02,230000.0
2718,2019-02-09,228000.0
2719,2019-02-16,218000.0
2720,2019-02-23,224000.0
2721,2019-03-02,220000.0
2722,2019-03-09,224000.0
2723,2019-03-16,219000.0
2724,2019-03-23,215000.0
2725,2019-03-30,211000.0
2726,2019-04-06,203000.0
2727,2019-04-13,203000.0
2728,2019-04-20,226000.0
2729,2019-04-27,230000.0
2730,2019-05-04,225000.0
2731,2019-05-11,217000.0
2732,2019-05-18,213000.0
2733,2019-05-25,218000.0
2734,2019-06-01,220000.0
2735,2019-06-08,220000.0
2736,2019-06-15,219000.0
2737,2019-06-22,224000.0
2738,2019-06-29,222000.0
2739,2019-07-06,211000.0
2740,2019-07-13,217000.0
2741,2019-07-20,211000.0
2742,2019-07-27,216000.0
2743,2019-08-03,214000.0
2744,2019-08-10,218000.0
2745,2019-08-17,215000.0
2746,2019-08-24,215000.0
2747,2019-08-31,219000.0
2748,2019-09-07,208000.0
2749,2019-09-14,211000.0
2750,2019-09-21,215000.0
2751,2019-09-28,218000.0
2752,2019-10-05,212000.0
2753,2019-10-12,218000.0
2754,2019-10-19,213000.0
2755,2019-10-26,217000.0
2756,2019-11-02,212000.0
2757,2019-11-09,222000.0
2758,2019-11-16,223000.0
2759,2019-11-23,211000.0
2760,2019-11-30,206000.0
2761,2019-12-07,237000.0
2762,2019-12-14,229000.0
2763,2019-12-21,218000.0
2764,2019-12-28,220000.0
2765,2020-01-04,212000.0
2766,2020-01-11,207000.0
2767,2020-01-18,220000.0
2768,2020-01-25,212000.0
2769,2020-02-01,201000.0
2770,2020-02-08,204000.0
2771,2020-02-15,215000.0
2772,2020-02-22,220000.0
2773,2020-02-29,217000.0
2774,2020-03-07,211000.0
2775,2020-03-14,282000.0
2776,2020-03-21,3307000.0
2777,2020-03-28,6867000.0
2778,2020-04-04,6615000.0
2779,2020-04-11,5245000.0
